"Data Source","World Development Indicators",

"Last Updated Date","2021-06-30",

"Country Name","Country Code","Indicator Name","Indicator Code","1960","1961","1962","1963","1964","1965","1966","1967","1968","1969","1970","1971","1972","1973","1974","1975","1976","1977","1978","1979","1980","1981","1982","1983","1984","1985","1986","1987","1988","1989","1990","1991","1992","1993","1994","1995","1996","1997","1998","1999","2000","2001","2002","2003","2004","2005","2006","2007","2008","2009","2010","2011","2012","2013","2014","2015","2016","2017","2018","2019","2020",
"India","IND","GDP per capita, PPP (current international $)","NY.GDP.PCAP.PP.CD","","","","","","","","","","","","","","","","","","","","","","","","","","","","","","","1201.66848586211","1230.08698337278","1300.7750523326","1367.63667893745","1461.18343687367","1574.31797403587","1691.80477159794","1757.51471524373","1852.81042254699","2009.21569230667","2095.64700617136","2206.44816483846","2287.63002432831","2472.10373642451","2695.89367354208","2953.10925891283","3237.29479935858","3525.31445360065","3650.94294321966","3912.41821142619","4236.74434794867","4493.66946567714","4861.15615236344","5057.23341374789","5233.88234251512","5464.85917800798","5839.86481675466","6182.92210857473","6675.36129410945","6997.86398824088","6454.34735638183",